"","pilot_features","current_features"
“1”,”MIND_ID”,”MIND_ID"
"2","lh_bankssts_area","lh_bankssts_area"
"3","lh_caudalanteriorcingulate_area","lh_caudalanteriorcingulate_area"
"4","lh_caudalmiddlefrontal_area","lh_caudalmiddlefrontal_area"
"5","lh_cuneus_area","lh_cuneus_area"
"6","lh_entorhinal_area","lh_entorhinal_area"
"7","lh_fusiform_area","lh_fusiform_area"
"8","lh_inferiorparietal_area","lh_inferiorparietal_area"
"9","lh_inferiortemporal_area","lh_inferiortemporal_area"
"10","lh_isthmuscingulate_area","lh_isthmuscingulate_area"
"11","lh_lateraloccipital_area","lh_lateraloccipital_area"
"12","lh_lateralorbitofrontal_area","lh_lateralorbitofrontal_area"
"13","lh_lingual_area","lh_lingual_area"
"14","lh_medialorbitofrontal_area","lh_medialorbitofrontal_area"
"15","lh_middletemporal_area","lh_middletemporal_area"
"16","lh_parahippocampal_area","lh_parahippocampal_area"
"17","lh_paracentral_area","lh_paracentral_area"
"18","lh_parsopercularis_area","lh_parsopercularis_area"
"19","lh_parsorbitalis_area","lh_parsorbitalis_area"
"20","lh_parstriangularis_area","lh_parstriangularis_area"
"21","lh_pericalcarine_area","lh_pericalcarine_area"
"22","lh_postcentral_area","lh_postcentral_area"
"23","lh_posteriorcingulate_area","lh_posteriorcingulate_area"
"24","lh_precentral_area","lh_precentral_area"
"25","lh_precuneus_area","lh_precuneus_area"
"26","lh_rostralanteriorcingulate_area","lh_rostralanteriorcingulate_area"
"27","lh_rostralmiddlefrontal_area","lh_rostralmiddlefrontal_area"
"28","lh_superiorfrontal_area","lh_superiorfrontal_area"
"29","lh_superiorparietal_area","lh_superiorparietal_area"
"30","lh_superiortemporal_area","lh_superiortemporal_area"
"31","lh_supramarginal_area","lh_supramarginal_area"
"32","lh_frontalpole_area","lh_frontalpole_area"
"33","lh_temporalpole_area","lh_temporalpole_area"
"34","lh_transversetemporal_area","lh_transversetemporal_area"
"35","lh_insula_area","lh_insula_area"
"36","lh_WhiteSurfArea_area","lh_WhiteSurfArea_area"
"37","lh_bankssts_thickness","lh_bankssts_curvind"
"38","lh_caudalanteriorcingulate_thickness","lh_caudalanteriorcingulate_curvind"
"39","lh_caudalmiddlefrontal_thickness","lh_caudalmiddlefrontal_curvind"
"40","lh_cuneus_thickness","lh_cuneus_curvind"
"41","lh_entorhinal_thickness","lh_entorhinal_curvind"
"42","lh_fusiform_thickness","lh_fusiform_curvind"
"43","lh_inferiorparietal_thickness","lh_inferiorparietal_curvind"
"44","lh_inferiortemporal_thickness","lh_inferiortemporal_curvind"
"45","lh_isthmuscingulate_thickness","lh_isthmuscingulate_curvind"
"46","lh_lateraloccipital_thickness","lh_lateraloccipital_curvind"
"47","lh_lateralorbitofrontal_thickness","lh_lateralorbitofrontal_curvind"
"48","lh_lingual_thickness","lh_lingual_curvind"
"49","lh_medialorbitofrontal_thickness","lh_medialorbitofrontal_curvind"
"50","lh_middletemporal_thickness","lh_middletemporal_curvind"
"51","lh_parahippocampal_thickness","lh_parahippocampal_curvind"
"52","lh_paracentral_thickness","lh_paracentral_curvind"
"53","lh_parsopercularis_thickness","lh_parsopercularis_curvind"
"54","lh_parsorbitalis_thickness","lh_parsorbitalis_curvind"
"55","lh_parstriangularis_thickness","lh_parstriangularis_curvind"
"56","lh_pericalcarine_thickness","lh_pericalcarine_curvind"
"57","lh_postcentral_thickness","lh_postcentral_curvind"
"58","lh_posteriorcingulate_thickness","lh_posteriorcingulate_curvind"
"59","lh_precentral_thickness","lh_precentral_curvind"
"60","lh_precuneus_thickness","lh_precuneus_curvind"
"61","lh_rostralanteriorcingulate_thickness","lh_rostralanteriorcingulate_curvind"
"62","lh_rostralmiddlefrontal_thickness","lh_rostralmiddlefrontal_curvind"
"63","lh_superiorfrontal_thickness","lh_superiorfrontal_curvind"
"64","lh_superiorparietal_thickness","lh_superiorparietal_curvind"
"65","lh_superiortemporal_thickness","lh_superiortemporal_curvind"
"66","lh_supramarginal_thickness","lh_supramarginal_curvind"
"67","lh_frontalpole_thickness","lh_frontalpole_curvind"
"68","lh_temporalpole_thickness","lh_temporalpole_curvind"
"69","lh_transversetemporal_thickness","lh_transversetemporal_curvind"
"70","lh_insula_thickness","lh_insula_curvind"
"71","lh_MeanThickness_thickness","lh_bankssts_foldind"
"72","lh_bankssts_volume","lh_caudalanteriorcingulate_foldind"
"73","lh_caudalanteriorcingulate_volume","lh_caudalmiddlefrontal_foldind"
"74","lh_caudalmiddlefrontal_volume","lh_cuneus_foldind"
"75","lh_cuneus_volume","lh_entorhinal_foldind"
"76","lh_entorhinal_volume","lh_fusiform_foldind"
"77","lh_fusiform_volume","lh_inferiorparietal_foldind"
"78","lh_inferiorparietal_volume","lh_inferiortemporal_foldind"
"79","lh_inferiortemporal_volume","lh_isthmuscingulate_foldind"
"80","lh_isthmuscingulate_volume","lh_lateraloccipital_foldind"
"81","lh_lateraloccipital_volume","lh_lateralorbitofrontal_foldind"
"82","lh_lateralorbitofrontal_volume","lh_lingual_foldind"
"83","lh_lingual_volume","lh_medialorbitofrontal_foldind"
"84","lh_medialorbitofrontal_volume","lh_middletemporal_foldind"
"85","lh_middletemporal_volume","lh_parahippocampal_foldind"
"86","lh_parahippocampal_volume","lh_paracentral_foldind"
"87","lh_paracentral_volume","lh_parsopercularis_foldind"
"88","lh_parsopercularis_volume","lh_parsorbitalis_foldind"
"89","lh_parsorbitalis_volume","lh_parstriangularis_foldind"
"90","lh_parstriangularis_volume","lh_pericalcarine_foldind"
"91","lh_pericalcarine_volume","lh_postcentral_foldind"
"92","lh_postcentral_volume","lh_posteriorcingulate_foldind"
"93","lh_posteriorcingulate_volume","lh_precentral_foldind"
"94","lh_precentral_volume","lh_precuneus_foldind"
"95","lh_precuneus_volume","lh_rostralanteriorcingulate_foldind"
"96","lh_rostralanteriorcingulate_volume","lh_rostralmiddlefrontal_foldind"
"97","lh_rostralmiddlefrontal_volume","lh_superiorfrontal_foldind"
"98","lh_superiorfrontal_volume","lh_superiorparietal_foldind"
"99","lh_superiorparietal_volume","lh_superiortemporal_foldind"
"100","lh_superiortemporal_volume","lh_supramarginal_foldind"
"101","lh_supramarginal_volume","lh_frontalpole_foldind"
"102","lh_frontalpole_volume","lh_temporalpole_foldind"
"103","lh_temporalpole_volume","lh_transversetemporal_foldind"
"104","lh_transversetemporal_volume","lh_insula_foldind"
"105","lh_insula_volume","lh_bankssts_gauscurv"
"106","rh_bankssts_area","lh_caudalanteriorcingulate_gauscurv"
"107","rh_caudalanteriorcingulate_area","lh_caudalmiddlefrontal_gauscurv"
"108","rh_caudalmiddlefrontal_area","lh_cuneus_gauscurv"
"109","rh_cuneus_area","lh_entorhinal_gauscurv"
"110","rh_entorhinal_area","lh_fusiform_gauscurv"
"111","rh_fusiform_area","lh_inferiorparietal_gauscurv"
"112","rh_inferiorparietal_area","lh_inferiortemporal_gauscurv"
"113","rh_inferiortemporal_area","lh_isthmuscingulate_gauscurv"
"114","rh_isthmuscingulate_area","lh_lateraloccipital_gauscurv"
"115","rh_lateraloccipital_area","lh_lateralorbitofrontal_gauscurv"
"116","rh_lateralorbitofrontal_area","lh_lingual_gauscurv"
"117","rh_lingual_area","lh_medialorbitofrontal_gauscurv"
"118","rh_medialorbitofrontal_area","lh_middletemporal_gauscurv"
"119","rh_middletemporal_area","lh_parahippocampal_gauscurv"
"120","rh_parahippocampal_area","lh_paracentral_gauscurv"
"121","rh_paracentral_area","lh_parsopercularis_gauscurv"
"122","rh_parsopercularis_area","lh_parsorbitalis_gauscurv"
"123","rh_parsorbitalis_area","lh_parstriangularis_gauscurv"
"124","rh_parstriangularis_area","lh_pericalcarine_gauscurv"
"125","rh_pericalcarine_area","lh_postcentral_gauscurv"
"126","rh_postcentral_area","lh_posteriorcingulate_gauscurv"
"127","rh_posteriorcingulate_area","lh_precentral_gauscurv"
"128","rh_precentral_area","lh_precuneus_gauscurv"
"129","rh_precuneus_area","lh_rostralanteriorcingulate_gauscurv"
"130","rh_rostralanteriorcingulate_area","lh_rostralmiddlefrontal_gauscurv"
"131","rh_rostralmiddlefrontal_area","lh_superiorfrontal_gauscurv"
"132","rh_superiorfrontal_area","lh_superiorparietal_gauscurv"
"133","rh_superiorparietal_area","lh_superiortemporal_gauscurv"
"134","rh_superiortemporal_area","lh_supramarginal_gauscurv"
"135","rh_supramarginal_area","lh_frontalpole_gauscurv"
"136","rh_frontalpole_area","lh_temporalpole_gauscurv"
"137","rh_temporalpole_area","lh_transversetemporal_gauscurv"
"138","rh_transversetemporal_area","lh_insula_gauscurv"
"139","rh_insula_area","lh_bankssts_meancurv"
"140","rh_WhiteSurfArea_area","lh_caudalanteriorcingulate_meancurv"
"141","rh_bankssts_thickness","lh_caudalmiddlefrontal_meancurv"
"142","rh_caudalanteriorcingulate_thickness","lh_cuneus_meancurv"
"143","rh_caudalmiddlefrontal_thickness","lh_entorhinal_meancurv"
"144","rh_cuneus_thickness","lh_fusiform_meancurv"
"145","rh_entorhinal_thickness","lh_inferiorparietal_meancurv"
"146","rh_fusiform_thickness","lh_inferiortemporal_meancurv"
"147","rh_inferiorparietal_thickness","lh_isthmuscingulate_meancurv"
"148","rh_inferiortemporal_thickness","lh_lateraloccipital_meancurv"
"149","rh_isthmuscingulate_thickness","lh_lateralorbitofrontal_meancurv"
"150","rh_lateraloccipital_thickness","lh_lingual_meancurv"
"151","rh_lateralorbitofrontal_thickness","lh_medialorbitofrontal_meancurv"
"152","rh_lingual_thickness","lh_middletemporal_meancurv"
"153","rh_medialorbitofrontal_thickness","lh_parahippocampal_meancurv"
"154","rh_middletemporal_thickness","lh_paracentral_meancurv"
"155","rh_parahippocampal_thickness","lh_parsopercularis_meancurv"
"156","rh_paracentral_thickness","lh_parsorbitalis_meancurv"
"157","rh_parsopercularis_thickness","lh_parstriangularis_meancurv"
"158","rh_parsorbitalis_thickness","lh_pericalcarine_meancurv"
"159","rh_parstriangularis_thickness","lh_postcentral_meancurv"
"160","rh_pericalcarine_thickness","lh_posteriorcingulate_meancurv"
"161","rh_postcentral_thickness","lh_precentral_meancurv"
"162","rh_posteriorcingulate_thickness","lh_precuneus_meancurv"
"163","rh_precentral_thickness","lh_rostralanteriorcingulate_meancurv"
"164","rh_precuneus_thickness","lh_rostralmiddlefrontal_meancurv"
"165","rh_rostralanteriorcingulate_thickness","lh_superiorfrontal_meancurv"
"166","rh_rostralmiddlefrontal_thickness","lh_superiorparietal_meancurv"
"167","rh_superiorfrontal_thickness","lh_superiortemporal_meancurv"
"168","rh_superiorparietal_thickness","lh_supramarginal_meancurv"
"169","rh_superiortemporal_thickness","lh_frontalpole_meancurv"
"170","rh_supramarginal_thickness","lh_temporalpole_meancurv"
"171","rh_frontalpole_thickness","lh_transversetemporal_meancurv"
"172","rh_temporalpole_thickness","lh_insula_meancurv"
"173","rh_transversetemporal_thickness","lh_bankssts_thickness"
"174","rh_insula_thickness","lh_caudalanteriorcingulate_thickness"
"175","rh_MeanThickness_thickness","lh_caudalmiddlefrontal_thickness"
"176","rh_bankssts_volume","lh_cuneus_thickness"
"177","rh_caudalanteriorcingulate_volume","lh_entorhinal_thickness"
"178","rh_caudalmiddlefrontal_volume","lh_fusiform_thickness"
"179","rh_cuneus_volume","lh_inferiorparietal_thickness"
"180","rh_entorhinal_volume","lh_inferiortemporal_thickness"
"181","rh_fusiform_volume","lh_isthmuscingulate_thickness"
"182","rh_inferiorparietal_volume","lh_lateraloccipital_thickness"
"183","rh_inferiortemporal_volume","lh_lateralorbitofrontal_thickness"
"184","rh_isthmuscingulate_volume","lh_lingual_thickness"
"185","rh_lateraloccipital_volume","lh_medialorbitofrontal_thickness"
"186","rh_lateralorbitofrontal_volume","lh_middletemporal_thickness"
"187","rh_lingual_volume","lh_parahippocampal_thickness"
"188","rh_medialorbitofrontal_volume","lh_paracentral_thickness"
"189","rh_middletemporal_volume","lh_parsopercularis_thickness"
"190","rh_parahippocampal_volume","lh_parsorbitalis_thickness"
"191","rh_paracentral_volume","lh_parstriangularis_thickness"
"192","rh_parsopercularis_volume","lh_pericalcarine_thickness"
"193","rh_parsorbitalis_volume","lh_postcentral_thickness"
"194","rh_parstriangularis_volume","lh_posteriorcingulate_thickness"
"195","rh_pericalcarine_volume","lh_precentral_thickness"
"196","rh_postcentral_volume","lh_precuneus_thickness"
"197","rh_posteriorcingulate_volume","lh_rostralanteriorcingulate_thickness"
"198","rh_precentral_volume","lh_rostralmiddlefrontal_thickness"
"199","rh_precuneus_volume","lh_superiorfrontal_thickness"
"200","rh_rostralanteriorcingulate_volume","lh_superiorparietal_thickness"
"201","rh_rostralmiddlefrontal_volume","lh_superiortemporal_thickness"
"202","rh_superiorfrontal_volume","lh_supramarginal_thickness"
"203","rh_superiorparietal_volume","lh_frontalpole_thickness"
"204","rh_superiortemporal_volume","lh_temporalpole_thickness"
"205","rh_supramarginal_volume","lh_transversetemporal_thickness"
"206","rh_frontalpole_volume","lh_insula_thickness"
"207","rh_temporalpole_volume","lh_MeanThickness_thickness"
"208","rh_transversetemporal_volume","lh_bankssts_thicknessstd"
"209","rh_insula_volume","lh_caudalanteriorcingulate_thicknessstd"
"210","Left.Lateral.Ventricle","lh_caudalmiddlefrontal_thicknessstd"
"211","Left.Inf.Lat.Vent","lh_cuneus_thicknessstd"
"212","Left.Cerebellum.White.Matter","lh_entorhinal_thicknessstd"
"213","Left.Cerebellum.Cortex","lh_fusiform_thicknessstd"
"214","Left.Thalamus.Proper","lh_inferiorparietal_thicknessstd"
"215","Left.Caudate","lh_inferiortemporal_thicknessstd"
"216","Left.Putamen","lh_isthmuscingulate_thicknessstd"
"217","Left.Pallidum","lh_lateraloccipital_thicknessstd"
"218","X3rd.Ventricle","lh_lateralorbitofrontal_thicknessstd"
"219","X4th.Ventricle","lh_lingual_thicknessstd"
"220","Brain.Stem","lh_medialorbitofrontal_thicknessstd"
"221","Left.Hippocampus","lh_middletemporal_thicknessstd"
"222","Left.Amygdala","lh_parahippocampal_thicknessstd"
"223","CSF","lh_paracentral_thicknessstd"
"224","Left.Accumbens.area","lh_parsopercularis_thicknessstd"
"225","Left.VentralDC","lh_parsorbitalis_thicknessstd"
"226","Left.vessel","lh_parstriangularis_thicknessstd"
"227","Left.choroid.plexus","lh_pericalcarine_thicknessstd"
"228","Right.Lateral.Ventricle","lh_postcentral_thicknessstd"
"229","Right.Inf.Lat.Vent","lh_posteriorcingulate_thicknessstd"
"230","Right.Cerebellum.White.Matter","lh_precentral_thicknessstd"
"231","Right.Cerebellum.Cortex","lh_precuneus_thicknessstd"
"232","Right.Thalamus.Proper","lh_rostralanteriorcingulate_thicknessstd"
"233","Right.Caudate","lh_rostralmiddlefrontal_thicknessstd"
"234","Right.Putamen","lh_superiorfrontal_thicknessstd"
"235","Right.Pallidum","lh_superiorparietal_thicknessstd"
"236","Right.Hippocampus","lh_superiortemporal_thicknessstd"
"237","Right.Amygdala","lh_supramarginal_thicknessstd"
"238","Right.Accumbens.area","lh_frontalpole_thicknessstd"
"239","Right.VentralDC","lh_temporalpole_thicknessstd"
"240","Right.vessel","lh_transversetemporal_thicknessstd"
"241","Right.choroid.plexus","lh_insula_thicknessstd"
"242","X5th.Ventricle","lh_bankssts_volume"
"243","WM.hypointensities","lh_caudalanteriorcingulate_volume"
"244","Left.WM.hypointensities","lh_caudalmiddlefrontal_volume"
"245","Right.WM.hypointensities","lh_cuneus_volume"
"246","non.WM.hypointensities","lh_entorhinal_volume"
"247","Left.non.WM.hypointensities","lh_fusiform_volume"
"248","Right.non.WM.hypointensities","lh_inferiorparietal_volume"
"249","Optic.Chiasm","lh_inferiortemporal_volume"
"250","CC_Posterior","lh_isthmuscingulate_volume"
"251","CC_Mid_Posterior","lh_lateraloccipital_volume"
"252","CC_Central","lh_lateralorbitofrontal_volume"
"253","CC_Mid_Anterior","lh_lingual_volume"
"254","CC_Anterior","lh_medialorbitofrontal_volume"
"255","Left.Lateral.Ventricle","lh_middletemporal_volume"
"256","Left.Inf.Lat.Vent","lh_parahippocampal_volume"
"257","Left.Cerebellum.White.Matter","lh_paracentral_volume"
"258","Left.Cerebellum.Cortex","lh_parsopercularis_volume"
"259","Left.Thalamus.Proper","lh_parsorbitalis_volume"
"260","Left.Caudate","lh_parstriangularis_volume"
"261","Left.Putamen","lh_pericalcarine_volume"
"262","Left.Pallidum","lh_postcentral_volume"
"263","X3rd.Ventricle","lh_posteriorcingulate_volume"
"264","X4th.Ventricle","lh_precentral_volume"
"265","Brain.Stem","lh_precuneus_volume"
"266","Left.Hippocampus","lh_rostralanteriorcingulate_volume"
"267","Left.Amygdala","lh_rostralmiddlefrontal_volume"
"268","CSF","lh_superiorfrontal_volume"
"269","Left.Accumbens.area","lh_superiorparietal_volume"
"270","Left.VentralDC","lh_superiortemporal_volume"
"271","Left.vessel","lh_supramarginal_volume"
"272","Left.choroid.plexus","lh_frontalpole_volume"
"273","Right.Lateral.Ventricle","lh_temporalpole_volume"
"274","Right.Inf.Lat.Vent","lh_transversetemporal_volume"
"275","Right.Cerebellum.White.Matter","lh_insula_volume"
"276","Right.Cerebellum.Cortex","Left.Lateral.Ventricle.x"
"277","Right.Thalamus.Proper","Left.Inf.Lat.Vent.x"
"278","Right.Caudate","Left.Cerebellum.White.Matter.x"
"279","Right.Putamen","Left.Cerebellum.Cortex.x"
"280","Right.Pallidum","Left.Thalamus.Proper.x"
"281","Right.Hippocampus","Left.Caudate.x"
"282","Right.Amygdala","Left.Putamen.x"
"283","Right.Accumbens.area","Left.Pallidum.x"
"284","Right.VentralDC","X3rd.Ventricle.x"
"285","Right.vessel","X4th.Ventricle.x"
"286","Right.choroid.plexus","Brain.Stem.x"
"287","X5th.Ventricle","Left.Hippocampus.x"
"288","WM.hypointensities","Left.Amygdala.x"
"289","Left.WM.hypointensities","CSF.x"
"290","Right.WM.hypointensities","Left.Accumbens.area.x"
"291","non.WM.hypointensities","Left.VentralDC.x"
"292","Left.non.WM.hypointensities","Left.vessel.x"
"293","Right.non.WM.hypointensities","Left.choroid.plexus.x"
"294","Optic.Chiasm","Right.Lateral.Ventricle.x"
"295","CC_Posterior","Right.Inf.Lat.Vent.x"
"296","CC_Mid_Posterior","Right.Cerebellum.White.Matter.x"
"297","CC_Central","Right.Cerebellum.Cortex.x"
"298","CC_Mid_Anterior","Right.Thalamus.Proper.x"
"299","CC_Anterior","Right.Caudate.x"
"300","BrainSegVol","Right.Putamen.x"
"301","BrainSegVolNotVent","Right.Pallidum.x"
"302","BrainSegVolNotVentSurf","Right.Hippocampus.x"
"303","lhCortexVol","Right.Amygdala.x"
"304","rhCortexVol","Right.Accumbens.area.x"
"305","CortexVol","Right.VentralDC.x"
"306","lhCorticalWhiteMatterVol","Right.vessel.x"
"307","rhCorticalWhiteMatterVol","Right.choroid.plexus.x"
"308","CorticalWhiteMatterVol","X5th.Ventricle.x"
"309","SubCortGrayVol","WM.hypointensities.x"
"310","TotalGrayVol","non.WM.hypointensities.x"
"311","SupraTentorialVol","Optic.Chiasm.x"
"312","SupraTentorialVolNotVent","CC_Posterior.x"
"313","SupraTentorialVolNotVentVox","CC_Mid_Posterior.x"
"314","MaskVol","CC_Central.x"
"315","BrainSegVol.to.eTIV","CC_Mid_Anterior.x"
"316","MaskVol.to.eTIV","CC_Anterior.x"
"317","lhSurfaceHoles","rh_bankssts_area"
"318","rhSurfaceHoles","rh_caudalanteriorcingulate_area"
"319","SurfaceHoles","rh_caudalmiddlefrontal_area"
"320","EstimatedTotalIntraCranialVol","rh_cuneus_area"
"321","","rh_entorhinal_area"
"322","","rh_fusiform_area"
"323","","rh_inferiorparietal_area"
"324","","rh_inferiortemporal_area"
"325","","rh_isthmuscingulate_area"
"326","","rh_lateraloccipital_area"
"327","","rh_lateralorbitofrontal_area"
"328","","rh_lingual_area"
"329","","rh_medialorbitofrontal_area"
"330","","rh_middletemporal_area"
"331","","rh_parahippocampal_area"
"332","","rh_paracentral_area"
"333","","rh_parsopercularis_area"
"334","","rh_parsorbitalis_area"
"335","","rh_parstriangularis_area"
"336","","rh_pericalcarine_area"
"337","","rh_postcentral_area"
"338","","rh_posteriorcingulate_area"
"339","","rh_precentral_area"
"340","","rh_precuneus_area"
"341","","rh_rostralanteriorcingulate_area"
"342","","rh_rostralmiddlefrontal_area"
"343","","rh_superiorfrontal_area"
"344","","rh_superiorparietal_area"
"345","","rh_superiortemporal_area"
"346","","rh_supramarginal_area"
"347","","rh_frontalpole_area"
"348","","rh_temporalpole_area"
"349","","rh_transversetemporal_area"
"350","","rh_insula_area"
"351","","rh_WhiteSurfArea_area"
"352","","rh_bankssts_curvind"
"353","","rh_caudalanteriorcingulate_curvind"
"354","","rh_caudalmiddlefrontal_curvind"
"355","","rh_cuneus_curvind"
"356","","rh_entorhinal_curvind"
"357","","rh_fusiform_curvind"
"358","","rh_inferiorparietal_curvind"
"359","","rh_inferiortemporal_curvind"
"360","","rh_isthmuscingulate_curvind"
"361","","rh_lateraloccipital_curvind"
"362","","rh_lateralorbitofrontal_curvind"
"363","","rh_lingual_curvind"
"364","","rh_medialorbitofrontal_curvind"
"365","","rh_middletemporal_curvind"
"366","","rh_parahippocampal_curvind"
"367","","rh_paracentral_curvind"
"368","","rh_parsopercularis_curvind"
"369","","rh_parsorbitalis_curvind"
"370","","rh_parstriangularis_curvind"
"371","","rh_pericalcarine_curvind"
"372","","rh_postcentral_curvind"
"373","","rh_posteriorcingulate_curvind"
"374","","rh_precentral_curvind"
"375","","rh_precuneus_curvind"
"376","","rh_rostralanteriorcingulate_curvind"
"377","","rh_rostralmiddlefrontal_curvind"
"378","","rh_superiorfrontal_curvind"
"379","","rh_superiorparietal_curvind"
"380","","rh_superiortemporal_curvind"
"381","","rh_supramarginal_curvind"
"382","","rh_frontalpole_curvind"
"383","","rh_temporalpole_curvind"
"384","","rh_transversetemporal_curvind"
"385","","rh_insula_curvind"
"386","","rh_bankssts_foldind"
"387","","rh_caudalanteriorcingulate_foldind"
"388","","rh_caudalmiddlefrontal_foldind"
"389","","rh_cuneus_foldind"
"390","","rh_entorhinal_foldind"
"391","","rh_fusiform_foldind"
"392","","rh_inferiorparietal_foldind"
"393","","rh_inferiortemporal_foldind"
"394","","rh_isthmuscingulate_foldind"
"395","","rh_lateraloccipital_foldind"
"396","","rh_lateralorbitofrontal_foldind"
"397","","rh_lingual_foldind"
"398","","rh_medialorbitofrontal_foldind"
"399","","rh_middletemporal_foldind"
"400","","rh_parahippocampal_foldind"
"401","","rh_paracentral_foldind"
"402","","rh_parsopercularis_foldind"
"403","","rh_parsorbitalis_foldind"
"404","","rh_parstriangularis_foldind"
"405","","rh_pericalcarine_foldind"
"406","","rh_postcentral_foldind"
"407","","rh_posteriorcingulate_foldind"
"408","","rh_precentral_foldind"
"409","","rh_precuneus_foldind"
"410","","rh_rostralanteriorcingulate_foldind"
"411","","rh_rostralmiddlefrontal_foldind"
"412","","rh_superiorfrontal_foldind"
"413","","rh_superiorparietal_foldind"
"414","","rh_superiortemporal_foldind"
"415","","rh_supramarginal_foldind"
"416","","rh_frontalpole_foldind"
"417","","rh_temporalpole_foldind"
"418","","rh_transversetemporal_foldind"
"419","","rh_insula_foldind"
"420","","rh_bankssts_gauscurv"
"421","","rh_caudalanteriorcingulate_gauscurv"
"422","","rh_caudalmiddlefrontal_gauscurv"
"423","","rh_cuneus_gauscurv"
"424","","rh_entorhinal_gauscurv"
"425","","rh_fusiform_gauscurv"
"426","","rh_inferiorparietal_gauscurv"
"427","","rh_inferiortemporal_gauscurv"
"428","","rh_isthmuscingulate_gauscurv"
"429","","rh_lateraloccipital_gauscurv"
"430","","rh_lateralorbitofrontal_gauscurv"
"431","","rh_lingual_gauscurv"
"432","","rh_medialorbitofrontal_gauscurv"
"433","","rh_middletemporal_gauscurv"
"434","","rh_parahippocampal_gauscurv"
"435","","rh_paracentral_gauscurv"
"436","","rh_parsopercularis_gauscurv"
"437","","rh_parsorbitalis_gauscurv"
"438","","rh_parstriangularis_gauscurv"
"439","","rh_pericalcarine_gauscurv"
"440","","rh_postcentral_gauscurv"
"441","","rh_posteriorcingulate_gauscurv"
"442","","rh_precentral_gauscurv"
"443","","rh_precuneus_gauscurv"
"444","","rh_rostralanteriorcingulate_gauscurv"
"445","","rh_rostralmiddlefrontal_gauscurv"
"446","","rh_superiorfrontal_gauscurv"
"447","","rh_superiorparietal_gauscurv"
"448","","rh_superiortemporal_gauscurv"
"449","","rh_supramarginal_gauscurv"
"450","","rh_frontalpole_gauscurv"
"451","","rh_temporalpole_gauscurv"
"452","","rh_transversetemporal_gauscurv"
"453","","rh_insula_gauscurv"
"454","","rh_bankssts_meancurv"
"455","","rh_caudalanteriorcingulate_meancurv"
"456","","rh_caudalmiddlefrontal_meancurv"
"457","","rh_cuneus_meancurv"
"458","","rh_entorhinal_meancurv"
"459","","rh_fusiform_meancurv"
"460","","rh_inferiorparietal_meancurv"
"461","","rh_inferiortemporal_meancurv"
"462","","rh_isthmuscingulate_meancurv"
"463","","rh_lateraloccipital_meancurv"
"464","","rh_lateralorbitofrontal_meancurv"
"465","","rh_lingual_meancurv"
"466","","rh_medialorbitofrontal_meancurv"
"467","","rh_middletemporal_meancurv"
"468","","rh_parahippocampal_meancurv"
"469","","rh_paracentral_meancurv"
"470","","rh_parsopercularis_meancurv"
"471","","rh_parsorbitalis_meancurv"
"472","","rh_parstriangularis_meancurv"
"473","","rh_pericalcarine_meancurv"
"474","","rh_postcentral_meancurv"
"475","","rh_posteriorcingulate_meancurv"
"476","","rh_precentral_meancurv"
"477","","rh_precuneus_meancurv"
"478","","rh_rostralanteriorcingulate_meancurv"
"479","","rh_rostralmiddlefrontal_meancurv"
"480","","rh_superiorfrontal_meancurv"
"481","","rh_superiorparietal_meancurv"
"482","","rh_superiortemporal_meancurv"
"483","","rh_supramarginal_meancurv"
"484","","rh_frontalpole_meancurv"
"485","","rh_temporalpole_meancurv"
"486","","rh_transversetemporal_meancurv"
"487","","rh_insula_meancurv"
"488","","rh_bankssts_thickness"
"489","","rh_caudalanteriorcingulate_thickness"
"490","","rh_caudalmiddlefrontal_thickness"
"491","","rh_cuneus_thickness"
"492","","rh_entorhinal_thickness"
"493","","rh_fusiform_thickness"
"494","","rh_inferiorparietal_thickness"
"495","","rh_inferiortemporal_thickness"
"496","","rh_isthmuscingulate_thickness"
"497","","rh_lateraloccipital_thickness"
"498","","rh_lateralorbitofrontal_thickness"
"499","","rh_lingual_thickness"
"500","","rh_medialorbitofrontal_thickness"
"501","","rh_middletemporal_thickness"
"502","","rh_parahippocampal_thickness"
"503","","rh_paracentral_thickness"
"504","","rh_parsopercularis_thickness"
"505","","rh_parsorbitalis_thickness"
"506","","rh_parstriangularis_thickness"
"507","","rh_pericalcarine_thickness"
"508","","rh_postcentral_thickness"
"509","","rh_posteriorcingulate_thickness"
"510","","rh_precentral_thickness"
"511","","rh_precuneus_thickness"
"512","","rh_rostralanteriorcingulate_thickness"
"513","","rh_rostralmiddlefrontal_thickness"
"514","","rh_superiorfrontal_thickness"
"515","","rh_superiorparietal_thickness"
"516","","rh_superiortemporal_thickness"
"517","","rh_supramarginal_thickness"
"518","","rh_frontalpole_thickness"
"519","","rh_temporalpole_thickness"
"520","","rh_transversetemporal_thickness"
"521","","rh_insula_thickness"
"522","","rh_MeanThickness_thickness"
"523","","rh_bankssts_thicknessstd"
"524","","rh_caudalanteriorcingulate_thicknessstd"
"525","","rh_caudalmiddlefrontal_thicknessstd"
"526","","rh_cuneus_thicknessstd"
"527","","rh_entorhinal_thicknessstd"
"528","","rh_fusiform_thicknessstd"
"529","","rh_inferiorparietal_thicknessstd"
"530","","rh_inferiortemporal_thicknessstd"
"531","","rh_isthmuscingulate_thicknessstd"
"532","","rh_lateraloccipital_thicknessstd"
"533","","rh_lateralorbitofrontal_thicknessstd"
"534","","rh_lingual_thicknessstd"
"535","","rh_medialorbitofrontal_thicknessstd"
"536","","rh_middletemporal_thicknessstd"
"537","","rh_parahippocampal_thicknessstd"
"538","","rh_paracentral_thicknessstd"
"539","","rh_parsopercularis_thicknessstd"
"540","","rh_parsorbitalis_thicknessstd"
"541","","rh_parstriangularis_thicknessstd"
"542","","rh_pericalcarine_thicknessstd"
"543","","rh_postcentral_thicknessstd"
"544","","rh_posteriorcingulate_thicknessstd"
"545","","rh_precentral_thicknessstd"
"546","","rh_precuneus_thicknessstd"
"547","","rh_rostralanteriorcingulate_thicknessstd"
"548","","rh_rostralmiddlefrontal_thicknessstd"
"549","","rh_superiorfrontal_thicknessstd"
"550","","rh_superiorparietal_thicknessstd"
"551","","rh_superiortemporal_thicknessstd"
"552","","rh_supramarginal_thicknessstd"
"553","","rh_frontalpole_thicknessstd"
"554","","rh_temporalpole_thicknessstd"
"555","","rh_transversetemporal_thicknessstd"
"556","","rh_insula_thicknessstd"
"557","","rh_bankssts_volume"
"558","","rh_caudalanteriorcingulate_volume"
"559","","rh_caudalmiddlefrontal_volume"
"560","","rh_cuneus_volume"
"561","","rh_entorhinal_volume"
"562","","rh_fusiform_volume"
"563","","rh_inferiorparietal_volume"
"564","","rh_inferiortemporal_volume"
"565","","rh_isthmuscingulate_volume"
"566","","rh_lateraloccipital_volume"
"567","","rh_lateralorbitofrontal_volume"
"568","","rh_lingual_volume"
"569","","rh_medialorbitofrontal_volume"
"570","","rh_middletemporal_volume"
"571","","rh_parahippocampal_volume"
"572","","rh_paracentral_volume"
"573","","rh_parsopercularis_volume"
"574","","rh_parsorbitalis_volume"
"575","","rh_parstriangularis_volume"
"576","","rh_pericalcarine_volume"
"577","","rh_postcentral_volume"
"578","","rh_posteriorcingulate_volume"
"579","","rh_precentral_volume"
"580","","rh_precuneus_volume"
"581","","rh_rostralanteriorcingulate_volume"
"582","","rh_rostralmiddlefrontal_volume"
"583","","rh_superiorfrontal_volume"
"584","","rh_superiorparietal_volume"
"585","","rh_superiortemporal_volume"
"586","","rh_supramarginal_volume"
"587","","rh_frontalpole_volume"
"588","","rh_temporalpole_volume"
"589","","rh_transversetemporal_volume"
"590","","rh_insula_volume"
"591","","Left.Lateral.Ventricle.y"
"592","","Left.Inf.Lat.Vent.y"
"593","","Left.Cerebellum.White.Matter.y"
"594","","Left.Cerebellum.Cortex.y"
"595","","Left.Thalamus.Proper.y"
"596","","Left.Caudate.y"
"597","","Left.Putamen.y"
"598","","Left.Pallidum.y"
"599","","X3rd.Ventricle.y"
"600","","X4th.Ventricle.y"
"601","","Brain.Stem.y"
"602","","Left.Hippocampus.y"
"603","","Left.Amygdala.y"
"604","","CSF.y"
"605","","Left.Accumbens.area.y"
"606","","Left.VentralDC.y"
"607","","Left.vessel.y"
"608","","Left.choroid.plexus.y"
"609","","Right.Lateral.Ventricle.y"
"610","","Right.Inf.Lat.Vent.y"
"611","","Right.Cerebellum.White.Matter.y"
"612","","Right.Cerebellum.Cortex.y"
"613","","Right.Thalamus.Proper.y"
"614","","Right.Caudate.y"
"615","","Right.Putamen.y"
"616","","Right.Pallidum.y"
"617","","Right.Hippocampus.y"
"618","","Right.Amygdala.y"
"619","","Right.Accumbens.area.y"
"620","","Right.VentralDC.y"
"621","","Right.vessel.y"
"622","","Right.choroid.plexus.y"
"623","","X5th.Ventricle.y"
"624","","WM.hypointensities.y"
"625","","non.WM.hypointensities.y"
"626","","Optic.Chiasm.y"
"627","","CC_Posterior.y"
"628","","CC_Mid_Posterior.y"
"629","","CC_Central.y"
"630","","CC_Mid_Anterior.y"
"631","","CC_Anterior.y"
"632","","Left.Lateral.Ventricle"
"633","","Left.Inf.Lat.Vent"
"634","","Left.Cerebellum.White.Matter"
"635","","Left.Cerebellum.Cortex"
"636","","Left.Thalamus.Proper"
"637","","Left.Caudate"
"638","","Left.Putamen"
"639","","Left.Pallidum"
"640","","X3rd.Ventricle"
"641","","X4th.Ventricle"
"642","","Brain.Stem"
"643","","Left.Hippocampus"
"644","","Left.Amygdala"
"645","","CSF"
"646","","Left.Accumbens.area"
"647","","Left.VentralDC"
"648","","Left.vessel"
"649","","Left.choroid.plexus"
"650","","Right.Lateral.Ventricle"
"651","","Right.Inf.Lat.Vent"
"652","","Right.Cerebellum.White.Matter"
"653","","Right.Cerebellum.Cortex"
"654","","Right.Thalamus.Proper"
"655","","Right.Caudate"
"656","","Right.Putamen"
"657","","Right.Pallidum"
"658","","Right.Hippocampus"
"659","","Right.Amygdala"
"660","","Right.Accumbens.area"
"661","","Right.VentralDC"
"662","","Right.vessel"
"663","","Right.choroid.plexus"
"664","","X5th.Ventricle"
"665","","WM.hypointensities"
"666","","non.WM.hypointensities"
"667","","Optic.Chiasm"
"668","","CC_Posterior"
"669","","CC_Mid_Posterior"
"670","","CC_Central"
"671","","CC_Mid_Anterior"
"672","","CC_Anterior"
"673","","BrainSegVol"
"674","","BrainSegVolNotVent"
"675","","BrainSegVolNotVentSurf"
"676","","lhCortexVol"
"677","","rhCortexVol"
"678","","CortexVol"
"679","","lhCorticalWhiteMatterVol"
"680","","rhCorticalWhiteMatterVol"
"681","","CorticalWhiteMatterVol"
"682","","SubCortGrayVol"
"683","","TotalGrayVol"
"684","","SupraTentorialVol"
"685","","SupraTentorialVolNotVent"
"686","","SupraTentorialVolNotVentVox"
"687","","MaskVol"
"688","","BrainSegVol.to.eTIV"
"689","","MaskVol.to.eTIV"
"690","","lhSurfaceHoles"
"691","","rhSurfaceHoles"
"692","","SurfaceHoles"
"693","","EstimatedTotalIntraCranialVol"
